{"train/success_once":0,"time/rollout_time":2.3174712990003172,"time/step":4997120,"losses/cfm_loss":1.60227370262146,"_timestamp":1.7554359058564937e+09,"time/total_rollout_time":739.7413794269978,"losses/clipfrac":0.43152618408203125,"time/rollout_fps":7069.774718274842,"losses/explained_variance":0.8478183746337891,"_wandb":{"runtime":2842},"time/update_time":6.45263628199973,"eval/reward":0.22343944013118744,"train/return":14.758014678955078,"losses/value_loss":0.0061035966500639915,"eval/episode_len":64,"charts/SPS":1758,"train/success_at_end":0,"time/total_rollout+update_time":2727.419456353997,"fpo/r_fpo_mean":1.0343796738889068,"time/total_eval_time":111.56928607199916,"time/total_update_time":1987.678076926999,"train/episode_len":64,"eval/success_at_end":0,"charts/learning_rate":0.0003,"train/reward":0.2305939793586731,"_step":4997120,"losses/policy_loss":-0.030039552599191666,"time/eval_time":8.859352478999426,"eval/success_once":0,"eval/return":14.300124168395996,"_runtime":2842.271676222}