{"time/rollout_time":2.3886457579937996,"losses/value_loss":0.14393293857574463,"time/total_eval_time":112.54336235598021,"eval/success_at_end":0,"eval/return":33.813697814941406,"time/total_rollout+update_time":1351.9121127918625,"train/reward":0.5046521425247192,"eval/reward":0.5283390283584595,"time/rollout_fps":6859.116696215668,"losses/approx_kl":0.25245192646980286,"time/update_time":0.3193626059946837,"_timestamp":1.7554215517929242e+09,"losses/explained_variance":0.826430082321167,"_wandb":{"runtime":1467},"_step":4997120,"charts/learning_rate":0.0003,"charts/SPS":3407,"losses/entropy":1.0909978151321411,"train/return":32.29773712158203,"train/success_at_end":0,"time/total_rollout_time":740.409826864925,"train/episode_len":64,"_runtime":1467.514180192,"losses/policy_loss":0.05864616483449936,"time/total_update_time":611.5022859269375,"losses/old_approx_kl":0.2721143364906311,"time/step":4997120,"eval/success_once":0,"losses/clipfrac":0.4373697916666667,"eval/episode_len":64,"train/success_once":0,"time/eval_time":8.602001382998424}